Stream,Year,ChannelTY,Species,CK_popEst,CK_popSE,CK_pCapture,CK_pCaptureSE,CK_FishperM,CK_FishperM_SE
Agency Creek,2015,Pool-Riffle_1,Steelhead,NA,NA,NA,NA,NA,NA
Agency Creek,2015,Pool-Riffle_2,Steelhead,2376.72,538.69,0.0753,0.0171,0.716095209,0.162304911
Agency Creek,2015,Pool-Riffle_3,Steelhead,1494.79,153.71,0.2281,0.0235,0.484849173,0.049857282
Big Eightmile Creek,2015,Pool-Riffle_1,Chinook,668.04,111.71,0.2171,0.0363,0.437485265,0.073156516
Big Eightmile Creek,2015,Pool-Riffle_1,Steelhead,145.2,23.98,0.4545,0.0751,0.095088409,0.015703995
Big Eightmile Creek,2015,Pool-Riffle_2,Steelhead,16,2.67,0.5,0.0833,0.00798005,0.001331671
Big Eightmile Creek,2015,Plane-Bed_3,Steelhead,1062,173.23,0.1751,0.0286,0.389153536,0.063477464
Big Eightmile Creek,2015,Plane-Bed_4,Steelhead,560.77,90.7,0.189,0.0306,0.315571187,0.05104108
Big Springs Creek,2015,Pool-Riffle_1,Chinook,696.6,207.08,0.1163,0.0346,0.090151417,0.026799534
Big Springs Creek,2015,Pool-Riffle_1,Steelhead,9048.91,1146.91,0.0843,0.0107,1.171076744,0.148428886
Big Timber Creek,2015,Meandering_1,Steelhead,1786,1766.9,0.0213,0.021,0.868677043,0.85938716
Big Timber Creek,2015,Island_Braided_2,Steelhead,528.44,119.65,0.1798,0.0407,0.31213231,0.070673361
Big Timber Creek,2015,Confined_3,Steelhead,789.29,205.68,0.2471,0.0331,0.573195352,0.149368192
Big Timber Creek,2015,Pool-Riffle_4,Steelhead,1407,174.79,0.2438,0.0303,0.460556465,0.057214403
Big Timber Creek,2015,Pool-Riffle_5,Steelhead,801.14,156.91,0.156,0.0306,0.389091792,0.076206897
Bohannon Creek,2015,Plane-Bed_1,Steelhead,2344.56,346.36,0.1489,0.022,0.364912062,0.053908171
Bohannon Creek,2015,Pool-Riffle_2,Steelhead,1895.5,321.95,0.1345,0.0228,0.40048595,0.068022396
Bohannon Creek,2015,Pool-Riffle_3,Steelhead,563.14,198.57,0.1296,0.0457,0.191870528,0.067655877
Canyon Creek,2015,Pool-Riffle_1,Chinook,392,138.59,0.125,0.0442,0.108227499,0.03826339
Canyon Creek,2015,Pool-Riffle_1,Steelhead,1004.5,481.31,0.0816,0.0391,0.277332965,0.132885146
Canyon Creek,2015,Pool-Riffle_2,Steelhead,1215.2,161.28,0.2074,0.0275,0.457185854,0.060677201
Canyon Creek,2015,Pool-Riffle_3,Steelhead,328,75.18,0.3171,0.0727,0.596363636,0.136690909
Canyon Creek,2015,Pool-Riffle_4,Steelhead,276.23,65.3,0.2063,0.0488,0.154232272,0.036460078
Hawley Creek,2015,Plane-Bed_1,Steelhead,45.05,16.48,0.3774,0.1381,0.023611111,0.008637317
Hawley Creek,2015,Plane-Bed_2,Steelhead,120.75,39.52,0.5714,0.187,0.031717888,0.010380877
Hawley Creek,2015,Pool-Riffle_3,Steelhead,1179.29,102.13,0.385,0.0333,0.433243938,0.037520206
Hawley Creek,2015,Pool-Riffle_4,Steelhead,41.6,14.59,0.3846,0.1349,0.074285714,0.026053571
Hawley Creek,2015,Plane-Bed_5,Steelhead,99.27,23.32,0.3929,0.0923,0.062710044,0.014731522
Hayden Creek,2015,Island_Braided_1,Chinook,3195.99,898.46,0.081,0.0228,1.165994163,0.32778548
Hayden Creek,2015,Island_Braided_2,Chinook,4652.08,1296.08,0.0686,0.0191,0.697777111,0.19440228
Hayden Creek,2015,Confined_3,Chinook,176,94.43,0.1364,0.0732,0.064968623,0.034857881
Hayden Creek,2015,Pool-Riffle_4,Chinook,900,506.46,0.05,0.0281,0.464396285,0.261331269
Hayden Creek,2015,Island_Braided_1,Steelhead,3147.65,556.4,0.1296,0.0229,1.148358263,0.202991609
Hayden Creek,2015,Island_Braided_2,Steelhead,4110.32,633.56,0.1209,0.0186,0.616517174,0.095029249
Hayden Creek,2015,Confined_3,Steelhead,488.8,207.82,0.0962,0.0409,0.180435585,0.076714655
Hayden Creek,2015,Pool-Riffle_4,Steelhead,405.53,93.96,0.1948,0.0451,0.209251806,0.048482972
Kenney Creek,2015,Plane-Bed_1,Steelhead,3501.64,418.88,0.1271,0.0152,0.967303867,0.115712707
Kenney Creek,2015,Pool-Riffle_2,Steelhead,1298.56,141.8,0.2965,0.0324,0.282357034,0.03083279
Lee Creek,2015,Pool-Riffle_1,Chinook,312,78.99,0.1667,0.0422,0.22462203,0.056868251
Lee Creek,2015,Pool-Riffle_1,Steelhead,212.87,22.65,0.4792,0.051,0.15325414,0.016306695
Little Springs Creek,2015,Meandering_1,Steelhead,617.55,116.37,0.2899,0.0546,0.18914242,0.035641654
Little Springs Creek,2015,Meandering_2,Steelhead,186.33,70.56,0.1395,0.0528,0.058410658,0.022119122
Lower Lemhi River,2015,Island_Braided_1,Chinook,11888.1,2606.44,0.0386,0.0085,4.665659341,1.022935636
Lower Lemhi River,2015,Island_Braided_3,Chinook,4488,4436.71,0.0227,0.0225,1.383050847,1.367244992
Lower Lemhi River,2015,Island_Braided_4,Chinook,846.8,362.01,0.0862,0.0369,0.188849242,0.08073372
Lower Lemhi River,2015,Island_Braided_1,Steelhead,1989.4,422.36,0.0985,0.0209,0.780769231,0.165761381
Lower Lemhi River,2015,Island_Braided_2,Steelhead,2436,710.89,0.0632,0.0184,1.143125293,0.333594557
Lower Lemhi River,2015,Island_Braided_3,Steelhead,5970,717.5,0.1333,0.016,1.839753467,0.221109399
Lower Lemhi River,2015,Island_Braided_4,Steelhead,4321.32,708.3,0.0886,0.0145,0.963719893,0.157961641
Pratt Creek,2015,Plane-Bed_1,Steelhead,524.4,153.34,0.1449,0.0424,0.179466119,0.052477755
Pratt Creek,2015,Step-Pool_2,Steelhead,1200.55,189.54,0.1774,0.028,0.277327327,0.043783784
Upper Lemhi River,2015,Meandering_1,Chinook,12960.33,3707.11,0.0182,0.0052,1.746204527,0.499475883
Upper Lemhi River,2015,Meandering_2,Chinook,20549.95,6102.59,0.0265,0.0079,2.403221845,0.713669746
Upper Lemhi River,2015,Island_Braided_3,Chinook,6403.75,2222.14,0.0367,0.0127,1.870800467,0.649179083
Upper Lemhi River,2015,Meandering_1,Steelhead,2866.54,229.14,0.2013,0.0161,0.386222043,0.03087308
Upper Lemhi River,2015,Meandering_2,Steelhead,7591.51,1033.74,0.0914,0.0124,0.887792071,0.120891124
Upper Lemhi River,2015,Island_Braided_3,Steelhead,5809.14,1060.24,0.0673,0.0123,1.697090272,0.309739994
Upper Lemhi River,2015,Island_Braided_4,Steelhead,5344.6,740.77,0.0971,0.0135,1.660845245,0.230195774
Wimpey Creek,2015,Pool-Riffle_1,Chinook,74,16.55,0.5,0.1118,0.035525684,0.007945271
Wimpey Creek,2015,Pool-Riffle_1,Steelhead,1874.6,137.13,0.3846,0.0281,0.899951992,0.065832933
Agency Creek,2016,Pool-Riffle_2,Steelhead,1320.83,152.17,0.2302,0.0265,0.407789441,0.04698055
Agency Creek,2016,Pool-Riffle_3,Steelhead,2669.33,591.76,0.1154,0.0256,0.859410818,0.190521571
Agency Creek,2016,Pool-Riffle_4,Steelhead,97.5,40.56,0.3077,0.128,0.241336634,0.10039604
Big Eightmile Creek,2016,Pool-Riffle_1,Steelhead,47.25,12.45,0.4444,0.1171,0.033701854,0.008880171
Big Eightmile Creek,2016,Pool-Riffle_2,Steelhead,62.33,32.66,0.1765,0.0925,0.029262911,0.015333333
Big Eightmile Creek,2016,Plane-Bed_3,Steelhead,1285.2,155.87,0.2646,0.0321,0.417815345,0.050672952
Big Eightmile Creek,2016,Plane-Bed_4,Steelhead,1275.95,124.64,0.2367,0.0231,0.637337662,0.062257742
Big Eightmile Creek,2016,Pool-Riffle_1,Chinook,76,23.27,0.25,0.0765,0.054208274,0.016597718
Big Springs Creek,2016,Pool-Riffle_1,Steelhead,8501.28,1519.9,0.073,0.0131,2.920398488,0.522122982
Big Springs Creek,2016,Pool-Riffle_2,Steelhead,4016.33,625.46,0.1123,0.0175,1.591886643,0.24790329
Big Springs Creek,2016,Pool-Riffle_1,Chinook,292.4,192.17,0.1744,0.1146,0.100446582,0.066015115
Big Springs Creek,2016,Pool-Riffle_2,Chinook,413.33,229.51,0.075,0.0416,0.163824812,0.090967103
Big Timber Creek,2016,Meandering_1,Steelhead,1029,712.61,0.0408,0.0283,0.595486111,0.412390046
Big Timber Creek,2016,Island_Braided_2,Steelhead,280.14,64.23,0.2642,0.0606,0.179232246,0.04109405
Big Timber Creek,2016,Confined_3,Steelhead,474.32,81.87,0.2551,0.044,0.344458969,0.059455338
Big Timber Creek,2016,Pool-Riffle_4,Steelhead,1227.91,106.34,0.3152,0.0273,0.380511311,0.032953207
Big Timber Creek,2016,Pool-Riffle_5,Steelhead,516.8,73.39,0.2941,0.0418,0.290663667,0.041276715
Bohannon Creek,2016,Plane-Bed_1,Steelhead,924.44,290.3,0.1125,0.0353,0.493297759,0.154909285
Bohannon Creek,2016,Plane-Bed_2,Steelhead,3516.57,1303.18,0.0387,0.0143,0.772702703,0.286350253
Bohannon Creek,2016,Plane-Bed_3,Steelhead,972.57,239.34,0.1522,0.0374,0.541218698,0.133188648
Bohannon Creek,2016,Step-Pool_4,Steelhead,821.43,202.14,0.1522,0.0374,0.279588155,0.068801906
Bohannon Creek,2016,Step-Pool_5,Steelhead,525.96,322.07,0.1293,0.0792,0.179202726,0.109734242
Canyon Creek,2016,Pool-Riffle_1,Steelhead,587.81,87.5,0.2909,0.0433,0.163553144,0.024346132
Canyon Creek,2016,Pool-Riffle_2,Steelhead,1771.47,141.02,0.2924,0.0233,0.396656964,0.031576355
Canyon Creek,2016,Pool-Riffle_3,Steelhead,191.96,33.3,0.5053,0.0877,0.360150094,0.062476548
Canyon Creek,2016,Pool-Riffle_4,Steelhead,327.6,95.02,0.1587,0.046,0.122193211,0.035441999
Hawley Creek,2016,Plane-Bed_1,Steelhead,76,26.87,0.25,0.0884,0.022300469,0.00788439
Hawley Creek,2016,Plane-Bed_2,Steelhead,130.2,50.82,0.2381,0.0929,0.035848018,0.013992291
Hawley Creek,2016,Pool-Riffle_3,Steelhead,2142.28,171.94,0.2978,0.0239,0.595905424,0.047827538
Hawley Creek,2016,Pool-Riffle_4,Steelhead,132,88.99,0.0909,0.0613,0.083385976,0.056216045
Hawley Creek,2016,Plane-Bed_5,Steelhead,110.25,49.6,0.1905,0.0857,0.211612284,0.095201536
Hayden Creek,2016,Island_Braided_1,Steelhead,2599.68,397.93,0.1331,0.0204,0.999492503,0.152991157
Hayden Creek,2016,Island_Braided_2,Steelhead,1498.64,123.29,0.3029,0.0249,0.449367316,0.036968516
Hayden Creek,2016,Confined_3,Steelhead,460.82,67.24,0.2973,0.0434,0.279793564,0.040825744
Hayden Creek,2016,Pool-Riffle_4,Steelhead,525,90.57,0.2857,0.0493,0.345394737,0.059585526
Hayden Creek,2016,Island_Braided_1,Chinook,2972.45,869.76,0.0582,0.017,1.142810458,0.334394464
Hayden Creek,2016,Island_Braided_2,Chinook,3356.3,424.28,0.1371,0.0173,1.006386807,0.12722039
Hayden Creek,2016,Confined_3,Chinook,707,146.15,0.1881,0.0389,0.429265331,0.088737098
Hayden Creek,2016,Pool-Riffle_4,Chinook,1447.81,335.35,0.1416,0.0328,0.952506579,0.220625
Kenney Creek,2016,Plane-Bed_1,Steelhead,1888.21,279.04,0.1483,0.0219,0.521604972,0.077082873
Kenney Creek,2016,Pool-Riffle_2,Steelhead,1118,145.4,0.2558,0.0333,0.224497992,0.029196787
Lee Creek,2016,Pool-Riffle_1,Steelhead,195.28,19.54,0.6094,0.061,0.148614916,0.014870624
Lee Creek,2016,Pool-Riffle_1,Chinook,588,226.83,0.1071,0.0413,0.447488584,0.172625571
Little Springs Creek,2016,Meandering_1,Steelhead,485.76,76.57,0.3788,0.0597,0.116127181,0.018305044
Little Springs Creek,2016,Meandering_2,Steelhead,75.6,27.11,0.3571,0.1281,0.046437346,0.016652334
Lower Lemhi River,2016,Island_Braided_1,Steelhead,5786.29,2140.4,0.0422,0.0156,1.390600817,0.514395578
Lower Lemhi River,2016,Island_Braided_3,Steelhead,4383.53,436.44,0.1574,0.0157,1.05550927,0.105090296
Lower Lemhi River,2016,Island_Braided_4,Steelhead,1441.68,285.6,0.1366,0.0271,0.556418371,0.110227711
Lower Lemhi River,2016,Island_Braided_1,Chinook,10904,10787.38,0.0213,0.021,2.620523913,2.592496996
Lower Lemhi River,2016,Island_Braided_3,Chinook,1158.86,417.89,0.0897,0.0324,0.279041657,0.100623646
Lower Lemhi River,2016,Island_Braided_4,Chinook,1377.6,597,0.061,0.0264,0.531686607,0.230412968
Pratt Creek,2016,Plane-Bed_1,Steelhead,544,304.11,0.0625,0.0349,0.193113241,0.107955272
Pratt Creek,2016,Step-Pool_2,Steelhead,1887.32,330.07,0.1436,0.0251,0.435971356,0.076246246
Upper Lemhi River,2016,Meandering_1,Steelhead,4678.75,466.98,0.203,0.0203,0.637692517,0.063647267
Upper Lemhi River,2016,Meandering_2,Steelhead,7899.59,979.25,0.113,0.014,0.754569682,0.093538065
Upper Lemhi River,2016,Island_Braided_3,Steelhead,8620.54,1094.67,0.0912,0.0116,0.911647631,0.115764594
Upper Lemhi River,2016,Island_Braided_4,Steelhead,2150.17,181.81,0.3628,0.0307,0.651566667,0.055093939
Upper Lemhi River,2016,Meandering_1,Chinook,13670.83,5493.66,0.0311,0.0125,1.863272455,0.748761074
Upper Lemhi River,2016,Meandering_2,Chinook,24317.06,5822.45,0.0254,0.0061,2.322768173,0.556161047
Upper Lemhi River,2016,Island_Braided_3,Chinook,6890.42,3411.94,0.0282,0.0139,0.728682318,0.360822758
Upper Lemhi River,2016,Island_Braided_4,Chinook,1824.99,632.89,0.1107,0.0384,0.553027273,0.191784848
Wimpey Creek,2016,Plane-Bed_1,Steelhead,690.83,87.45,0.3474,0.044,0.724900315,0.091762854
Wimpey Creek,2016,Pool-Riffle_2,Steelhead,1017.69,264.21,0.1238,0.0321,1.033187817,0.268233503
Big Eightmile Creek,2017,Plane-Bed_3,Steelhead,579,159.9,0.098445596,0.027187307,0.510132159,0.140881057
Big Eightmile Creek,2017,Pool-Riffle_1,Steelhead,282,38.4,0.365248227,0.049735929,0.201141227,0.027389444
Big Eightmile Creek,2017,Pool-Riffle_1,Chinook,38,17,0.157894737,0.070637119,0.027104137,0.012125535
Big Springs Creek,2017,Pool-Riffle_1,Steelhead,286,66.7,0.174825175,0.040772165,0.080722552,0.018825854
Big Springs Creek,2017,Pool-Riffle_2,Steelhead,450,164.8,0.102222222,0.037436049,0.113093742,0.041417442
Big Springs Creek,2017,Pool-Riffle_1,Chinook,NA,NA,NA,NA,NA,NA
Big Springs Creek,2017,Pool-Riffle_2,Chinook,NA,NA,NA,NA,NA,NA
Big Timber Creek,2017,Confined_3,Steelhead,492,63.9,0.274390244,0.035637269,0.44646098,0.057985481
Big Timber Creek,2017,Island_Braided_2,Steelhead,314,21.8,0.378980892,0.026311412,0.202580645,0.014064516
Big Timber Creek,2017,Meandering_1,Steelhead,469,135.4,0.098081023,0.028315929,0.346381093,0.1
Big Timber Creek,2017,Pool-Riffle_4,Steelhead,1391,183.1,0.156002876,0.020534958,0.464751086,0.061176078
Big Timber Creek,2017,Pool-Riffle_5,Steelhead,527,56,0.292220114,0.031051853,0.300970874,0.031981725
Big Timber Creek,2017,Island_Braided_2,Chinook,NA,NA,NA,NA,NA,NA
Big Timber Creek,2017,Meandering_1,Chinook,NA,NA,NA,NA,NA,NA
Bohannon Creek,2017,Plane-Bed_1,Steelhead,1389,64.3,0.409647228,0.018963511,0.704361055,0.032606491
Bohannon Creek,2017,Plane-Bed_2,Steelhead,2077,231.7,0.19258546,0.021483896,1.010705596,0.112749392
Bohannon Creek,2017,Plane-Bed_3,Steelhead,492,58.7,0.223577236,0.026674764,0.273789649,0.032665554
Bohannon Creek,2017,Step-Pool_4,Steelhead,702,124,0.170940171,0.03019456,0.415876777,0.073459716
Bohannon Creek,2017,Plane-Bed_5,Steelhead,505,94.2,0.182178218,0.033982551,0.663600526,0.123784494
Bohannon Creek,2017,Step-Pool_6,Steelhead,186,57.7,0.14516129,0.045031217,0.261235955,0.081039326
Bohannon Creek,2017,Plane-Bed_1,Chinook,NA,NA,NA,NA,NA,NA
Canyon Creek,2017,Pool-Riffle_1,Steelhead,1173,382.6,0.087809037,0.028640867,0.792032411,0.25833896
Canyon Creek,2017,Pool-Riffle_2,Steelhead,1687,119.1,0.278008299,0.019627023,0.343584521,0.024256619
Canyon Creek,2017,Pool-Riffle_3,Steelhead,117,13.6,0.581196581,0.067557893,0.226305609,0.026305609
Canyon Creek,2017,Pool-Riffle_4,Steelhead,839,461.3,0.046483909,0.02555784,0.312942932,0.172062663
Canyon Creek,2017,Pool-Riffle_1,Chinook,NA,NA,NA,NA,NA,NA
Hawley Creek,2017,Pool-Riffle_4,Steelhead,103,33,0.242718447,0.077764163,0.114317425,0.036625971
Hawley Creek,2017,Plane-Bed_1,Steelhead,83,19.5,0.313253012,0.073595587,0.009226323,0.00216763
Hawley Creek,2017,Pool-Riffle_2,Steelhead,1527,115.4,0.264571054,0.019994433,0.502302632,0.037960526
Hawley Creek,2017,Plane-Bed_3,Steelhead,62,14.8,0.306451613,0.073152966,0.03916614,0.009349337
Hayden Creek,2017,Confined_3,Steelhead,623,105.5,0.165329053,0.027997135,0.326862539,0.055351522
Hayden Creek,2017,Island_Braided_1,Steelhead,4807,472,0.129810693,0.01274613,2.443823081,0.239959329
Hayden Creek,2017,Island_Braided_2,Steelhead,1045,102.6,0.306220096,0.030065246,0.536172396,0.052642381
Hayden Creek,2017,Plane-Bed_4,Steelhead,325,40.5,0.350769231,0.043711243,0.183823529,0.02290724
Hayden Creek,2017,Confined_3,Chinook,37,6,0.378378378,0.061358656,0.019412382,0.003147954
Hayden Creek,2017,Island_Braided_1,Chinook,2143,322.1,0.123191787,0.018516134,1.08947636,0.163751906
Hayden Creek,2017,Island_Braided_2,Chinook,1239,199.7,0.15819209,0.025497143,0.635710621,0.102462801
Hayden Creek,2017,Plane-Bed_4,Chinook,NA,NA,NA,NA,NA,NA
Kenney Creek,2017,Plane-Bed_1,Steelhead,1819,217.7,0.170973062,0.020462252,0.591352406,0.070773732
Kenney Creek,2017,Pool-Riffle_2,Steelhead,1209,203.1,0.148056245,0.02487198,0.312564633,0.052507756
Lee Creek,2017,Pool-Riffle_1,Steelhead,456,73.8,0.179824561,0.029103186,0.324093817,0.052452026
Lee Creek,2017,Pool-Riffle_1,Chinook,NA,NA,NA,NA,NA,NA
Little Springs Creek,2017,Meandering_1,Steelhead,499,75.3,0.28256513,0.042639588,0.119292374,0.018001434
Little Springs Creek,2017,Meandering_2,Steelhead,122,62,0.147540984,0.074979844,0.061368209,0.031187123
Little Springs Creek,2017,Meandering_1,Chinook,NA,NA,NA,NA,NA,NA
Lower Lemhi River,2017,Island_Braided_1,Steelhead,2020,716.7,0.089108911,0.031616018,0.8105939,0.287600321
Lower Lemhi River,2017,Island_Braided_2,Steelhead,687,321.2,0.061135371,0.028583233,0.349796334,0.163543788
Lower Lemhi River,2017,Island_Braided_3,Steelhead,2866,545.3,0.092114445,0.017526171,0.588018055,0.11187936
Lower Lemhi River,2017,Island_Braided_4,Steelhead,2062,308.7,0.143064985,0.021418119,0.387666855,0.058037225
Lower Lemhi River,2017,Island_Braided_1,Chinook,6220,1797.7,0.05192926,0.015008558,2.495987159,0.721388443
Lower Lemhi River,2017,Island_Braided_2,Chinook,NA,NA,NA,NA,1.265227884,0.368193196
Lower Lemhi River,2017,Island_Braided_3,Chinook,168,73.1,0.130952381,0.056979875,0.034468609,0.014997948
Lower Lemhi River,2017,Island_Braided_4,Chinook,1834,512.3,0.067066521,0.018734012,0.344801654,0.096315097
Upper Lemhi River,2017,Amonson_SC1,Steelhead,434,124.2,0.099078341,0.028353756,1.9375,0.554464286
Upper Lemhi River,2017,Amonson_SC2,Steelhead,168,40.6,0.178571429,0.043154762,1.018181818,0.246060606
Upper Lemhi River,2017,Island_Braided_3,Steelhead,4713,874.3,0.086144706,0.015980547,1.023452769,0.189858849
Upper Lemhi River,2017,Island_Braided_4,Steelhead,2911,633.8,0.081415321,0.017726221,0.900680693,0.196101485
Upper Lemhi River,2017,Meandering_1,Steelhead,3782,509.2,0.116604971,0.015699432,0.930839281,0.125326114
Upper Lemhi River,2017,Meandering_2,Steelhead,1769,224.9,0.17580554,0.022350857,0.655670867,0.083358043
Upper Lemhi River,2017,Amonson_SC1,Chinook,NA,NA,NA,NA,NA,NA
Upper Lemhi River,2017,Amonson_SC2,Chinook,NA,NA,NA,NA,NA,NA
Upper Lemhi River,2017,Island_Braided_3,Chinook,5894,2881,0.022056328,0.010781181,1.279913138,0.625624321
Upper Lemhi River,2017,Island_Braided_4,Chinook,1772,848.9,0.053047404,0.025413059,0.548267327,0.262654703
Upper Lemhi River,2017,Meandering_1,Chinook,1948,936.2,0.034394251,0.016529721,0.479448683,0.230420871
Upper Lemhi River,2017,Meandering_2,Chinook,3239,1822.1,0.033034887,0.018583781,1.200518903,0.675352113
Wimpey Creek,2017,Plane-Bed_1,Steelhead,1050,49.3,0.400952381,0.018825669,1.161504425,0.054535398
Wimpey Creek,2017,Plane-Bed_2,Steelhead,1486,81.3,0.380888291,0.020838639,1.551148225,0.084864301
Wimpey Creek,2017,Plane-Bed_1,Chinook,NA,NA,NA,NA,NA,NA
Wimpey Creek,2017,Plane-Bed_2,Chinook,NA,NA,NA,NA,NA,NA
Big Eightmile Creek,2018,Pool-Riffle_1,Steelhead,143,20,0.447552448,0.062594748,0.114217252,0.015974441
Big Eightmile Creek,2018,Pool-Riffle_1,Chinook,NA,NA,NA,NA,0.002396166,NA
Big Springs Creek,2018,Pool-Riffle_1,Steelhead,575,73.6,0.250434783,0.032055652,0.160659402,0.020564403
Big Springs Creek,2018,Pool-Riffle_2,Steelhead,280,59,0.217857143,0.045905612,0.128263857,0.027027027
Big Springs Creek,2018,Pool-Riffle_1,Chinook,NA,NA,NA,NA,0.0036323,NA
Big Timber Creek,2018,Confined_3,Steelhead,299,46.9,0.244147157,0.038295992,0.279962547,0.043913858
Big Timber Creek,2018,Island_Braided_2,Steelhead,472,37.1,0.358050847,0.028143403,0.306294614,0.024075276
Big Timber Creek,2018,Meandering_1,Steelhead,285,60.2,0.214035088,0.045210219,0.166959578,0.03526655
Big Timber Creek,2018,Pool-Riffle_4,Steelhead,1315,115.5,0.268441065,0.023577903,0.480980249,0.042245794
Big Timber Creek,2018,Pool-Riffle_5,Steelhead,565,61.8,0.269026549,0.029426267,0.256352087,0.028039927
Big Timber Creek,2018,Meandering_1,Chinook,NA,NA,NA,NA,0.000585823,NA
Bohannon Creek,2018,Plane-Bed_1,Steelhead,1178,162.5,0.182512733,0.025176841,0.692533804,0.09553204
Bohannon Creek,2018,Plane-Bed_2,Steelhead,985,162.3,0.141116751,0.023252029,0.617554859,0.101755486
Canyon Creek,2018,Pool-Riffle_1,Steelhead,762,357.3,0.056430446,0.026460103,0.296613468,0.139081355
Canyon Creek,2018,Pool-Riffle_2,Steelhead,1869,90,0.362760835,0.017468419,0.575076923,0.027692308
Canyon Creek,2018,Pool-Riffle_3,Steelhead,109,9.1,0.623853211,0.052083158,0.21042471,0.017567568
Canyon Creek,2018,Pool-Riffle_4,Steelhead,321,27.2,0.520249221,0.044083423,0.142350333,0.012062084
Canyon Creek,2018,Pool-Riffle_1,Chinook,NA,NA,NA,NA,0.000389257,NA
Hawley Creek,2018,Pool-Riffle_3,Steelhead,140,25.3,0.414285714,0.074867347,0.141700405,0.025607287
Hawley Creek,2018,Plane-Bed_1,Steelhead,493,57.1,0.279918864,0.032420623,0.070710301,0.008189773
Hawley Creek,2018,Pool-Riffle_2,Steelhead,1522,131.9,0.26478318,0.022946716,0.500407691,0.043366475
Hawley Creek,2018,Plane-Bed_4,Steelhead,164,62.1,0.176829268,0.066957912,0.199029126,0.075364078
Hayden Creek,2018,Confined_3,Steelhead,794,95.8,0.265743073,0.032063207,0.402228977,0.048530902
Hayden Creek,2018,Island_Braided_1,Steelhead,1962,141.4,0.278797146,0.02009272,1.172743574,0.084518828
Hayden Creek,2018,Island_Braided_2,Steelhead,921,71.9,0.339847991,0.026531021,0.351258581,0.027421815
Hayden Creek,2018,Plane-Bed_4,Steelhead,395,39.4,0.329113924,0.032828072,0.224431818,0.022386364
Hayden Creek,2018,Confined_3,Chinook,406,103.4,0.167487685,0.042655731,0.205673759,0.052380952
Hayden Creek,2018,Island_Braided_1,Chinook,418,91.6,0.222488038,0.048755752,0.249850568,0.054751943
Hayden Creek,2018,Island_Braided_2,Chinook,101,42.2,0.158415842,0.066189589,0.038520214,0.016094584
Kenney Creek,2018,Plane-Bed_1,Steelhead,1791,228.2,0.146286991,0.018639135,0.581493506,0.074090909
Kenney Creek,2018,Pool-Riffle_2,Steelhead,1209,186.4,0.134822167,0.020786478,0.299702529,0.046207238
Lee Creek,2018,Pool-Riffle_1,Steelhead,164,24.6,0.573170732,0.08597561,0.115737474,0.017360621
Lee Creek,2018,Pool-Riffle_1,Chinook,NA,NA,NA,NA,0.006351447,NA
Little Springs Creek,2018,Meandering_1,Steelhead,386,33.7,0.378238342,0.033022363,0.102905892,0.008984271
Little Springs Creek,2018,Meandering_2,Steelhead,68,8.5,0.544117647,0.068014706,0.041666667,0.005208333
Little Springs Creek,2018,Meandering_1,Chinook,19,4.9,0.473684211,0.122160665,0.005065316,0.001306318
Lower Lemhi River,2018,Island_Braided_4,Steelhead,1338,288.8,0.126307922,0.027262876,0.534345048,0.115335463
Lower Lemhi River,2018,Island_Braided_5,Steelhead,930,263.8,0.133333333,0.037820789,0.480868666,0.136401241
Lower Lemhi River,2018,Island_Braided_6,Steelhead,4126,779.5,0.078284052,0.014789728,0.950253339,0.179525564
Lower Lemhi River,2018,Island_Braided_7,Steelhead,539,117,0.165120594,0.035842504,0.175398633,0.038073544
Lower Lemhi River,2018,Island_Braided_4,Chinook,3192,1150.1,0.064223058,0.023140018,1.274760383,0.459305112
Lower Lemhi River,2018,Island_Braided_5,Chinook,NA,NA,NA,NA,0.004653568,NA
Lower Lemhi River,2018,Island_Braided_6,Chinook,NA,NA,NA,NA,0.00667895,NA
Lower Lemhi River,2018,Island_Braided_7,Chinook,317,78.2,0.230283912,0.056808208,0.103156525,0.025447445
Pratt Creek,2018,Plane-Bed_1,Steelhead,485,148.8,0.187628866,0.05756531,0.278255881,0.085370052
Pratt Creek,2018,Step-Pool_2,Steelhead,1136,310.5,0.081866197,0.02237628,0.794961512,0.217284815
Upper Lemhi River,2018,Island_Braided_3,Steelhead,2204,435.2,0.096188748,0.01899335,0.541789577,0.106981318
Upper Lemhi River,2018,Meandering_1,Steelhead,1815,284.2,0.131680441,0.020619053,0.44518028,0.069708119
Upper Lemhi River,2018,Meandering_2,Steelhead,1024,136,0.150390625,0.019973755,0.440809298,0.058544985
Upper Lemhi River,2018,Island_Braided_3,Chinook,2728,334.2,0.139296188,0.017064804,0.670599803,0.082153392
Upper Lemhi River,2018,Meandering_1,Chinook,772,288,0.053108808,0.019812612,0.189354918,0.070640177
Upper Lemhi River,2018,Meandering_2,Chinook,746,179.5,0.092493298,0.022255425,0.321136461,0.077270771
Big Eightmile Creek,2019,Pool-Riffle_1,Steelhead,16,1.9,0.875,0.10390625,0.016129032,0.001915323
Big Springs Creek,2019,Pool-Riffle_1,Steelhead,528,31.8,0.373106061,0.02247116,0.147280335,0.008870293
Big Springs Creek,2019,Pool-Riffle_2,Steelhead,383,50.8,0.268929504,0.035670023,0.145406226,0.019286257
Big Timber Creek,2019,Confined_3,Steelhead,316,47.3,0.278481013,0.041684025,0.229484386,0.034350036
Big Timber Creek,2019,Island_Braided_2,Steelhead,510,28.2,0.560784314,0.031008074,0.331815224,0.01834743
Big Timber Creek,2019,Meandering_1,Steelhead,208,80,0.177884615,0.06841716,0.101167315,0.038910506
Big Timber Creek,2019,Pool-Riffle_4,Steelhead,1326,163.9,0.19306184,0.023863375,0.328299084,0.040579351
Big Timber Creek,2019,Pool-Riffle_5,Steelhead,485,56,0.290721649,0.033567861,0.226635514,0.026168224
Bohannon Creek,2019,Plane-Bed_1,Steelhead,1158,146.2,0.146804836,0.018534427,0.418958032,0.052894356
Bohannon Creek,2019,Plane-Bed_2,Steelhead,893,145.7,0.187010078,0.030512171,0.308889658,0.050397786
Bohannon Creek,2019,Plane-Bed_5,Steelhead,486,61,0.401234568,0.050360717,0.248085758,0.031138336
Bohannon Creek,2019,Step-Pool_6,Steelhead,418,62,0.258373206,0.038323298,0.212830957,0.031568228
Bohannon Creek,2019,Plane-Bed_3,Steelhead,129,65.5,0.147286822,0.074785169,0.169513798,0.086070959
Bohannon Creek,2019,Step-Pool_4,Steelhead,108,35,0.185185185,0.060013717,0.049678013,0.016099356
Canyon Creek,2019,Pool-Riffle_1,Steelhead,76,20.5,0.342105263,0.092278393,0.072519084,0.019561069
Hawley Creek,2019,Pool-Riffle_4,Steelhead,129,37.5,0.310077519,0.090138814,0.133264463,0.038739669
Hawley Creek,2019,Plane-Bed_1,Steelhead,1114,116.7,0.186714542,0.019559773,0.182742782,0.019143701
Hawley Creek,2019,Pool-Riffle_2,Steelhead,1382,79.8,0.37698987,0.021768301,0.376156777,0.021720196
Hawley Creek,2019,Plane-Bed_3,Steelhead,206,45.9,0.252427184,0.056244698,0.244365362,0.054448399
Hayden Creek,2019,Confined_3,Steelhead,630,73.3,0.341269841,0.039706475,0.287146764,0.033409298
Hayden Creek,2019,Island_Braided_1,Steelhead,2186,174.3,0.257090576,0.020499034,0.900329489,0.071787479
Hayden Creek,2019,Island_Braided_2,Steelhead,1081,88.5,0.312673451,0.02559815,0.510146295,0.041764983
Hayden Creek,2019,Plane-Bed_4,Steelhead,527,92.5,0.225806452,0.03963396,0.302005731,0.053008596
Kenney Creek,2019,Plane-Bed_1,Steelhead,3176,234.8,0.209697733,0.015502842,1.462920313,0.108152925
Kenney Creek,2019,Pool-Riffle_2,Steelhead,1148,74,0.352787456,0.022740655,0.320849637,0.020681945
Lee Creek,2019,Pool-Riffle_1,Steelhead,60,7.1,0.7,0.082833333,0.04101162,0.004853042
Little Springs Creek,2019,Meandering_1,Steelhead,261,45.4,0.318007663,0.055316275,0.062365591,0.010848268
Little Springs Creek,2019,Meandering_2,Steelhead,81,17.1,0.382716049,0.08079561,0.045892351,0.009688385
Lower Lemhi River,2019,Island_Braided_3,Steelhead,1659,420.7,0.099457505,0.02522108,0.298703637,0.075747209
Lower Lemhi River,2019,Island_Braided_4,Steelhead,4216,503.8,0.125948767,0.015050519,0.618272474,0.073881801
Lower Lemhi River,2019,Island_Braided_5,Steelhead,221,97.1,0.162895928,0.071571016,0.067357513,0.029594636
Pratt Creek,2019,Plane-Bed_1,Steelhead,912,233.9,0.134868421,0.034589609,0.481266491,0.123430079
Pratt Creek,2019,Step-Pool_2,Steelhead,1391,282.8,0.127965492,0.026016277,0.690322581,0.140347395
Upper Lemhi River,2019,Island_Braided_2,Steelhead,3189,321.2,0.180620884,0.018192357,0.509099617,0.051277139
Upper Lemhi River,2019,Meandering_1,Steelhead,1250,59.6,0.408,0.01945344,0.21466598,0.010235274
